{"T_START":{"0":1269388800000,"1":1298574000000,"2":1325419200000,"3":1334059200000,"4":1360929600000,"5":1367409600000,"6":1380628800000,"7":1520251200000,"8":1591012800000},"T_STOP":{"0":1298574000000,"1":1325419200000,"2":1334059200000,"3":1360929600000,"4":1367409600000,"5":1380628800000,"6":1520251200000,"7":1591012800000,"8":1903824000000},"EFF_AREA":{"0":1.22064,"1":1.08311,"2":1.00123,"3":1.03174,"4":0.963078,"5":0.936192,"6":0.937921,"7":0.613321,"8":0.633096},"EFFA_P1":{"0":-0.000377,"1":-0.000209,"2":-0.000243,"3":-0.000214,"4":-0.000346,"5":0.000012,"6":-0.000214,"7":0.000039,"8":0.0}}