{"T_START":{"0":1269388800000,"1":1296140400000,"2":1325419200000,"3":1334059200000,"4":1360929600000,"5":1367409600000,"6":1376611200000,"7":1398945600000,"8":1462104000000,"9":1520251200000,"10":1591012800000},"T_STOP":{"0":1296140400000,"1":1325419200000,"2":1334059200000,"3":1360929600000,"4":1367409600000,"5":1376611200000,"6":1398945600000,"7":1462104000000,"8":1520251200000,"9":1591012800000,"10":1903824000000},"EFF_AREA":{"0":0.011948,"1":0.011554,"2":0.008721,"3":0.008362,"4":0.007662,"5":0.00725,"6":0.007751,"7":0.007186,"8":0.005739,"9":0.00509,"10":0.004026},"EFFA_P1":{"0":-0.000156,"1":-0.00049,"2":-0.000001,"3":-0.000295,"4":-0.000392,"5":-0.000383,"6":-0.000283,"7":-0.000276,"8":-0.000168,"9":-0.000289,"10":0.0}}