{"T_START":{"0":1269388800000,"1":1296140400000,"2":1325419200000,"3":1334059200000,"4":1360929600000,"5":1367409600000,"6":1376611200000,"7":1398945600000,"8":1462104000000,"9":1520251200000,"10":1591012800000},"T_STOP":{"0":1296140400000,"1":1325419200000,"2":1334059200000,"3":1360929600000,"4":1367409600000,"5":1376611200000,"6":1398945600000,"7":1462104000000,"8":1520251200000,"9":1591012800000,"10":1903824000000},"EFF_AREA":{"0":0.034396,"1":0.035351,"2":0.028989,"3":0.0289,"4":0.027875,"5":0.027079,"6":0.02803,"7":0.030309,"8":0.029998,"9":0.029782,"10":0.026555},"EFFA_P1":{"0":0.000041,"1":-0.000289,"2":0.000153,"3":-0.000134,"4":-0.000283,"5":-0.000157,"6":0.000315,"7":-0.000014,"8":-0.000011,"9":-0.00015,"10":0.0}}