{"T_START":{"0":1269388800000,"1":1296140400000,"2":1325419200000,"3":1360929600000,"4":1367409600000,"5":1380628800000,"6":1401019200000,"7":1451649600000,"8":1493640000000,"9":1591012800000},"T_STOP":{"0":1296140400000,"1":1325419200000,"2":1360929600000,"3":1367409600000,"4":1380628800000,"5":1401019200000,"6":1451649600000,"7":1493640000000,"8":1591012800000,"9":1903824000000},"EFF_AREA":{"0":2.83877,"1":2.77148,"2":2.73354,"3":2.48143,"4":2.46549,"5":2.43127,"6":2.4427,"7":1.96563,"8":1.99149,"9":2.20516},"EFFA_P1":{"0":-0.000127,"1":-0.000018,"2":-0.000211,"3":-0.000128,"4":-0.000091,"5":0.00002,"6":-0.000334,"7":0.000027,"8":0.000095,"9":0.0}}