{"T_START":{"0":1269388800000,"1":1296140400000,"2":1325419200000,"3":1334059200000,"4":1360929600000,"5":1367409600000,"6":1380628800000,"7":1401019200000,"8":1520251200000,"9":1569931200000},"T_STOP":{"0":1296140400000,"1":1325419200000,"2":1334059200000,"3":1360929600000,"4":1367409600000,"5":1380628800000,"6":1401019200000,"7":1520251200000,"8":1569931200000,"9":1903824000000},"EFF_AREA":{"0":1.42808,"1":1.42195,"2":1.36237,"3":1.37274,"4":1.31058,"5":1.31116,"6":1.28831,"7":1.30703,"8":0.965113,"9":0.755621},"EFFA_P1":{"0":-0.000053,"1":-0.000164,"2":-0.000338,"3":-0.000084,"4":0.000068,"5":-0.000114,"6":0.000062,"7":-0.00019,"8":-0.000378,"9":0.0}}