{"T_START":{"0":1269388800000,"1":1296140400000,"2":1325419200000,"3":1334059200000,"4":1360929600000,"5":1367409600000,"6":1380628800000,"7":1401019200000,"8":1493640000000,"9":1569931200000},"T_STOP":{"0":1296140400000,"1":1325419200000,"2":1334059200000,"3":1360929600000,"4":1367409600000,"5":1380628800000,"6":1401019200000,"7":1493640000000,"8":1569931200000,"9":1903824000000},"EFF_AREA":{"0":1.30209,"1":1.28762,"2":1.18082,"3":1.18244,"4":1.08569,"5":1.08215,"6":1.0554,"7":1.06213,"8":0.967837,"9":0.582716},"EFFA_P1":{"0":-0.000123,"1":-0.000263,"2":-0.000614,"3":-0.000168,"4":0.000037,"5":-0.000162,"6":0.000027,"7":-0.000083,"8":-0.000451,"9":0.0}}