{"T_START":{"0":1269388800000,"1":1296140400000,"2":1302717600000,"3":1305914400000,"4":1317902400000,"5":1325419200000,"6":1334059200000,"7":1367409600000,"8":1380628800000,"9":1401019200000,"10":1430481600000,"11":1462104000000,"12":1520251200000,"13":1591012800000},"T_STOP":{"0":1296140400000,"1":1302717600000,"2":1305914400000,"3":1317902400000,"4":1325419200000,"5":1334059200000,"6":1367409600000,"7":1380628800000,"8":1401019200000,"9":1430481600000,"10":1462104000000,"11":1520251200000,"12":1591012800000,"13":1903824000000},"EFF_AREA":{"0":0.102906,"1":0.064862,"2":0.052461,"3":0.046135,"4":0.033388,"5":0.03038,"6":0.035811,"7":0.035167,"8":0.031085,"9":0.023357,"10":0.012135,"11":0.008173,"12":0.005888,"13":0.0061},"EFFA_P1":{"0":-0.001575,"1":-0.003126,"2":-0.003504,"3":-0.002555,"4":-0.001087,"5":0.000285,"6":0.000105,"7":-0.000761,"8":-0.001056,"9":-0.001411,"10":-0.000893,"11":-0.000416,"12":0.000044,"13":0.0}}