{"T_START":{"0":1269388800000,"1":1298574000000,"2":1325419200000,"3":1334059200000,"4":1360929600000,"5":1367409600000,"6":1380628800000,"7":1401019200000,"8":1462104000000,"9":1520251200000,"10":1591012800000},"T_STOP":{"0":1298574000000,"1":1325419200000,"2":1334059200000,"3":1360929600000,"4":1367409600000,"5":1380628800000,"6":1401019200000,"7":1462104000000,"8":1520251200000,"9":1591012800000,"10":1903824000000},"EFF_AREA":{"0":0.056639,"1":0.06044,"2":0.045146,"3":0.044979,"4":0.032144,"5":0.029475,"6":0.026983,"7":0.023056,"8":0.01317,"9":0.012479,"10":0.009279},"EFFA_P1":{"0":-0.000747,"1":-0.000835,"2":-0.002068,"3":-0.000946,"4":-0.000882,"5":-0.000554,"6":-0.000618,"7":-0.000607,"8":-0.000078,"9":-0.000313,"10":0.0}}