{"T_START":{"0":1269388800000,"1":1296140400000,"2":1302717600000,"3":1305914400000,"4":1317902400000,"5":1325419200000,"6":1334059200000,"7":1360929600000,"8":1367409600000,"9":1380628800000,"10":1462104000000,"11":1591012800000},"T_STOP":{"0":1296140400000,"1":1302717600000,"2":1305914400000,"3":1317902400000,"4":1325419200000,"5":1334059200000,"6":1360929600000,"7":1367409600000,"8":1380628800000,"9":1462104000000,"10":1591012800000,"11":1903824000000},"EFF_AREA":{"0":0.296404,"1":0.35347,"2":0.316705,"3":0.286967,"4":0.305793,"5":0.299307,"6":0.291238,"7":0.284629,"8":0.274025,"9":0.262518,"10":0.250312,"11":0.29744},"EFFA_P1":{"0":0.000655,"1":-0.001359,"2":-0.00155,"3":0.000498,"4":-0.000204,"5":-0.000168,"6":0.000021,"7":-0.000422,"8":-0.000275,"9":-0.000049,"10":0.000126,"11":0.0}}